{"cameraMode":{"drawMode":0,"name":"Shaded","section":"Shading Mode"},"sceneLighting":false,"audioPlay":false,"sceneViewState":{"showFog":false,"showMaterialUpdate":false,"showSkybox":false,"showFlares":false,"showImageEffects":false,"showParticleSystems":false},"in2DMode":false,"pivot":{"x":2.991363763809204,"y":1.1841020584106446,"z":-0.25275737047195437},"rotation":{"x":-0.23791493475437165,"y":0.5365739464759827,"z":-0.16088636219501496,"w":-0.7934736609458923},"size":4.774817943572998,"orthographic":false}