{"cameraMode":{"drawMode":0,"name":"Shaded","section":"Shading Mode"},"sceneLighting":false,"audioPlay":false,"sceneViewState":{"showFog":false,"showMaterialUpdate":false,"showSkybox":false,"showFlares":false,"showImageEffects":false,"showParticleSystems":false},"in2DMode":false,"pivot":{"x":0.21105420589447022,"y":0.807631254196167,"z":0.35184717178344729},"rotation":{"x":-0.23791493475437165,"y":0.5365739464759827,"z":-0.16088636219501496,"w":-0.7934736609458923},"size":7.0620598793029789,"orthographic":false}