{"cameraMode":{"drawMode":0,"name":"Shaded","section":"Shading Mode"},"sceneLighting":false,"audioPlay":false,"sceneViewState":{"showFog":false,"showMaterialUpdate":false,"showSkybox":false,"showFlares":false,"showImageEffects":false,"showParticleSystems":false},"in2DMode":false,"pivot":{"x":3.133026599884033,"y":1.0418893098831177,"z":0.3014324903488159},"rotation":{"x":-0.23791493475437165,"y":0.5365739464759827,"z":-0.16088636219501496,"w":-0.7934736609458923},"size":5.357375621795654,"orthographic":false}