{"cameraMode":{"drawMode":0,"name":"Shaded","section":"Shading Mode"},"sceneLighting":false,"audioPlay":false,"sceneViewState":{"showFog":false,"showMaterialUpdate":false,"showSkybox":false,"showFlares":false,"showImageEffects":false,"showParticleSystems":false},"in2DMode":false,"pivot":{"x":1.559999942779541,"y":0.9599999785423279,"z":3.0299999713897707},"rotation":{"x":0.06379753351211548,"y":-0.9113267064094544,"z":0.3762059509754181,"w":0.1545402854681015},"size":7.354992389678955,"orthographic":false}