{"cameraMode":{"drawMode":0,"name":"Shaded","section":"Shading Mode"},"sceneLighting":false,"audioPlay":false,"sceneViewState":{"showFog":false,"showMaterialUpdate":false,"showSkybox":false,"showFlares":false,"showImageEffects":false,"showParticleSystems":false},"in2DMode":false,"pivot":{"x":1.1920928955078126e-7,"y":1.544077754020691,"z":0.15374135971069337},"rotation":{"x":-0.23791493475437165,"y":0.5365739464759827,"z":-0.16088636219501496,"w":-0.7934736609458923},"size":6.277011871337891,"orthographic":false}