{"cameraMode":{"drawMode":0,"name":"Shaded","section":"Shading Mode"},"sceneLighting":false,"audioPlay":false,"sceneViewState":{"showFog":false,"showMaterialUpdate":false,"showSkybox":false,"showFlares":false,"showImageEffects":false,"showParticleSystems":false},"in2DMode":false,"pivot":{"x":-8.940696716308594e-8,"y":0.6176310777664185,"z":0.061496466398239139},"rotation":{"x":0.04282320290803909,"y":-0.950199544429779,"z":0.26912301778793337,"w":0.15119464695453645},"size":2.510805368423462,"orthographic":true}